year_and_month,expansion_amount
2023-03,606.0
2023-04,5842.0
2023-05,23574.0
2023-06,9360.0
2023-07,10778.0
2023-08,43350.0
2023-09,38376.0
2023-10,48675.0
2023-11,28132.0
2023-12,50115.0
2024-01,66696.0
2024-02,106819.0
2024-03,117593.0
2024-04,132028.0
2024-05,121077.0
2024-06,105442.0
2024-07,142275.0
2024-08,181595.0
2024-09,305107.0
2024-10,351086.0
2024-11,387027.0
2024-12,658479.0
