year_and_month,mrr_amount
2023-01,4684
2023-02,11079
2023-03,25885
2023-04,41788
2023-05,85919
2023-06,74987
2023-07,120422
2023-08,165621
2023-09,116222
2023-10,182518
2023-11,217219
2023-12,267264
2024-01,276933
2024-02,365442
2024-03,421916
2024-04,445858
2024-05,632549
2024-06,537758
2024-07,707816
2024-08,648426
2024-09,992366
2024-10,1173608
2024-11,1549040
2024-12,2273427
